,preg,plas,pres,skin,test,mass,pedi,age,class
count,768.0,768.0,768.0,768.0,768.0,768.0,768.0,768.0,768.0
mean,3.8450520833333335,120.89453125,69.10546875,20.536458333333332,79.79947916666667,31.992578124999998,0.47187630208333325,33.240885416666664,0.3489583333333333
std,3.3695780626988694,31.97261819513622,19.355807170644777,15.952217567727637,115.24400235133817,7.884160320375446,0.3313285950127749,11.760231540678685,0.47695137724279896
min,0.0,0.0,0.0,0.0,0.0,0.0,0.078,21.0,0.0
25%,1.0,99.0,62.0,0.0,0.0,27.3,0.24375,24.0,0.0
50%,3.0,117.0,72.0,23.0,30.5,32.0,0.3725,29.0,0.0
75%,6.0,140.25,80.0,32.0,127.25,36.6,0.62625,41.0,1.0
max,17.0,199.0,122.0,99.0,846.0,67.1,2.42,81.0,1.0
